USE [DbYazOkulu]
GO
/****** Object:  User [DbYazOkulu] ******/
CREATE USER [DbYazOkulu] FOR LOGIN [DbYazOkulu] WITH DEFAULT_SCHEMA=[dbo]
GO
ALTER ROLE [db_owner] ADD MEMBER [DbYazOkulu]
GO
/****** Object:  Table [dbo].[TBLBASVURUFORM] ******/
SET ANSI_NULLS ON
GO
SET QUOTED_IDENTIFIER ON
GO
CREATE TABLE [dbo].[TBLBASVURUFORM](
	[BASVURUID] [int] IDENTITY(1,1) NOT NULL,
	[OGRENCIID] [int] NOT NULL,
	[DERSID] [int] NOT NULL,
 CONSTRAINT [PK_TBLBASVURUFORM] PRIMARY KEY CLUSTERED 
(
	[BASVURUID] ASC
)WITH (PAD_INDEX = OFF, STATISTICS_NORECOMPUTE = OFF, IGNORE_DUP_KEY = OFF, ALLOW_ROW_LOCKS = ON, ALLOW_PAGE_LOCKS = ON, OPTIMIZE_FOR_SEQUENTIAL_KEY = OFF) ON [PRIMARY]
) ON [PRIMARY]
GO
/****** Object:  Table [dbo].[TBLDERSLER] ******/
SET ANSI_NULLS ON
GO
SET QUOTED_IDENTIFIER ON
GO
CREATE TABLE [dbo].[TBLDERSLER](
	[DERSID] [int] IDENTITY(1,1) NOT NULL,
	[DERSAD] [nvarchar](50) NOT NULL,
	[DERSMINKONT] [tinyint] NULL,
	[DERSMAKSKONT] [tinyint] NOT NULL,
 CONSTRAINT [PK_TBLDERSLER] PRIMARY KEY CLUSTERED 
(
	[DERSID] ASC
)WITH (PAD_INDEX = OFF, STATISTICS_NORECOMPUTE = OFF, IGNORE_DUP_KEY = OFF, ALLOW_ROW_LOCKS = ON, ALLOW_PAGE_LOCKS = ON, OPTIMIZE_FOR_SEQUENTIAL_KEY = OFF) ON [PRIMARY]
) ON [PRIMARY]
GO
/****** Object:  Table [dbo].[TBLOGRENCI] ******/
SET ANSI_NULLS ON
GO
SET QUOTED_IDENTIFIER ON
GO
CREATE TABLE [dbo].[TBLOGRENCI](
	[OGRID] [int] IDENTITY(1,1) NOT NULL,
	[OGRAD] [nvarchar](50) NOT NULL,
	[OGRSOYAD] [nvarchar](50) NOT NULL,
	[OGRNUMARA] [nvarchar](5) NOT NULL,
	[OGRFOTO] [nvarchar](500) NOT NULL,
	[OGRSIFRE] [nvarchar](10) NOT NULL,
	[OGRBAKIYE] [decimal](18, 2) NOT NULL,
 CONSTRAINT [PK_TBLOGRENCI] PRIMARY KEY CLUSTERED 
(
	[OGRID] ASC
)WITH (PAD_INDEX = OFF, STATISTICS_NORECOMPUTE = OFF, IGNORE_DUP_KEY = OFF, ALLOW_ROW_LOCKS = ON, ALLOW_PAGE_LOCKS = ON, OPTIMIZE_FOR_SEQUENTIAL_KEY = OFF) ON [PRIMARY]
) ON [PRIMARY]
GO
/****** Object:  Table [dbo].[TBLOGRETMEN] ******/
SET ANSI_NULLS ON
GO
SET QUOTED_IDENTIFIER ON
GO
CREATE TABLE [dbo].[TBLOGRETMEN](
	[OGRTID] [int] IDENTITY(1,1) NOT NULL,
	[OGRTADSOYAD] [nvarchar](50) NOT NULL,
	[OGRTBRANS] [int] NOT NULL,
 CONSTRAINT [PK_TBLOGRETMEN] PRIMARY KEY CLUSTERED 
(
	[OGRTID] ASC
)WITH (PAD_INDEX = OFF, STATISTICS_NORECOMPUTE = OFF, IGNORE_DUP_KEY = OFF, ALLOW_ROW_LOCKS = ON, ALLOW_PAGE_LOCKS = ON, OPTIMIZE_FOR_SEQUENTIAL_KEY = OFF) ON [PRIMARY]
) ON [PRIMARY]
GO
SET IDENTITY_INSERT [dbo].[TBLBASVURUFORM] ON 
GO
INSERT [dbo].[TBLBASVURUFORM] ([BASVURUID], [OGRENCIID], [DERSID]) VALUES (1, 2, 4)
GO
INSERT [dbo].[TBLBASVURUFORM] ([BASVURUID], [OGRENCIID], [DERSID]) VALUES (2, 2, 8)
GO
INSERT [dbo].[TBLBASVURUFORM] ([BASVURUID], [OGRENCIID], [DERSID]) VALUES (3, 2, 10)
GO
INSERT [dbo].[TBLBASVURUFORM] ([BASVURUID], [OGRENCIID], [DERSID]) VALUES (4, 5, 4)
GO
INSERT [dbo].[TBLBASVURUFORM] ([BASVURUID], [OGRENCIID], [DERSID]) VALUES (5, 6, 7)
GO
INSERT [dbo].[TBLBASVURUFORM] ([BASVURUID], [OGRENCIID], [DERSID]) VALUES (7, 6, 8)
GO
INSERT [dbo].[TBLBASVURUFORM] ([BASVURUID], [OGRENCIID], [DERSID]) VALUES (8, 6, 10)
GO
INSERT [dbo].[TBLBASVURUFORM] ([BASVURUID], [OGRENCIID], [DERSID]) VALUES (9, 6, 1)
GO
SET IDENTITY_INSERT [dbo].[TBLBASVURUFORM] OFF
GO
SET IDENTITY_INSERT [dbo].[TBLDERSLER] ON 
GO
INSERT [dbo].[TBLDERSLER] ([DERSID], [DERSAD], [DERSMINKONT], [DERSMAKSKONT]) VALUES (1, N'Mühendislik Matematiği', 3, 10)
GO
INSERT [dbo].[TBLDERSLER] ([DERSID], [DERSAD], [DERSMINKONT], [DERSMAKSKONT]) VALUES (2, N'Fizik I', 5, 15)
GO
INSERT [dbo].[TBLDERSLER] ([DERSID], [DERSAD], [DERSMINKONT], [DERSMAKSKONT]) VALUES (3, N'Mesleki İngilizce', 5, 10)
GO
INSERT [dbo].[TBLDERSLER] ([DERSID], [DERSAD], [DERSMINKONT], [DERSMAKSKONT]) VALUES (4, N'Edebiyat', 5, 5)
GO
INSERT [dbo].[TBLDERSLER] ([DERSID], [DERSAD], [DERSMINKONT], [DERSMAKSKONT]) VALUES (5, N'Algoritma ve Programlamaya Giriş', 10, 20)
GO
INSERT [dbo].[TBLDERSLER] ([DERSID], [DERSAD], [DERSMINKONT], [DERSMAKSKONT]) VALUES (6, N'Yazılım Mühendisliği Temelleri', 3, 6)
GO
INSERT [dbo].[TBLDERSLER] ([DERSID], [DERSAD], [DERSMINKONT], [DERSMAKSKONT]) VALUES (7, N'Görüntü İşleme', 5, 10)
GO
INSERT [dbo].[TBLDERSLER] ([DERSID], [DERSAD], [DERSMINKONT], [DERSMAKSKONT]) VALUES (8, N'Yapay Sinir Ağları', 5, 10)
GO
INSERT [dbo].[TBLDERSLER] ([DERSID], [DERSAD], [DERSMINKONT], [DERSMAKSKONT]) VALUES (9, N'Nesne Tabanlı Programlama', 6, 12)
GO
INSERT [dbo].[TBLDERSLER] ([DERSID], [DERSAD], [DERSMINKONT], [DERSMAKSKONT]) VALUES (10, N'Veri Madenciliği ve Veri Analizi', 4, 10)
GO
SET IDENTITY_INSERT [dbo].[TBLDERSLER] OFF
GO
SET IDENTITY_INSERT [dbo].[TBLOGRENCI] ON 
GO
INSERT [dbo].[TBLOGRENCI] ([OGRID], [OGRAD], [OGRSOYAD], [OGRNUMARA], [OGRFOTO], [OGRSIFRE], [OGRBAKIYE]) VALUES (2, N'Ali', N'Yıldız', N'1245', N'deneme', N'1', CAST(0.00 AS Decimal(18, 2)))
GO
INSERT [dbo].[TBLOGRENCI] ([OGRID], [OGRAD], [OGRSOYAD], [OGRNUMARA], [OGRFOTO], [OGRSIFRE], [OGRBAKIYE]) VALUES (5, N'Mehmet', N'Çınar', N'2236', N'mehmet', N'2', CAST(0.00 AS Decimal(18, 2)))
GO
INSERT [dbo].[TBLOGRENCI] ([OGRID], [OGRAD], [OGRSOYAD], [OGRNUMARA], [OGRFOTO], [OGRSIFRE], [OGRBAKIYE]) VALUES (6, N'Veysel', N'Bulut', N'5411', N'veysel', N'3', CAST(0.00 AS Decimal(18, 2)))
GO
INSERT [dbo].[TBLOGRENCI] ([OGRID], [OGRAD], [OGRSOYAD], [OGRNUMARA], [OGRFOTO], [OGRSIFRE], [OGRBAKIYE]) VALUES (7, N'Esra', N'Kara', N'1232', N'esra', N'4', CAST(0.00 AS Decimal(18, 2)))
GO
INSERT [dbo].[TBLOGRENCI] ([OGRID], [OGRAD], [OGRSOYAD], [OGRNUMARA], [OGRFOTO], [OGRSIFRE], [OGRBAKIYE]) VALUES (8, N'Mesut', N'Öztürk', N'4256', N'mesut', N'5', CAST(0.00 AS Decimal(18, 2)))
GO
INSERT [dbo].[TBLOGRENCI] ([OGRID], [OGRAD], [OGRSOYAD], [OGRNUMARA], [OGRFOTO], [OGRSIFRE], [OGRBAKIYE]) VALUES (9, N'Derya', N'Yıldız', N'1166', N'testyolu', N'123', CAST(0.00 AS Decimal(18, 2)))
GO
INSERT [dbo].[TBLOGRENCI] ([OGRID], [OGRAD], [OGRSOYAD], [OGRNUMARA], [OGRFOTO], [OGRSIFRE], [OGRBAKIYE]) VALUES (10, N'Ali', N'Yıldırım', N'12345', N'Test', N'00', CAST(0.00 AS Decimal(18, 2)))
GO
INSERT [dbo].[TBLOGRENCI] ([OGRID], [OGRAD], [OGRSOYAD], [OGRNUMARA], [OGRFOTO], [OGRSIFRE], [OGRBAKIYE]) VALUES (11, N'Birol', N'Deneme', N'581', N'foto.jpg', N'155', CAST(0.00 AS Decimal(18, 2)))
GO
SET IDENTITY_INSERT [dbo].[TBLOGRENCI] OFF
GO
SET IDENTITY_INSERT [dbo].[TBLOGRETMEN] ON 
GO
INSERT [dbo].[TBLOGRETMEN] ([OGRTID], [OGRTADSOYAD], [OGRTBRANS]) VALUES (1, N'Ayşe Tunalı', 2)
GO
INSERT [dbo].[TBLOGRETMEN] ([OGRTID], [OGRTADSOYAD], [OGRTBRANS]) VALUES (2, N'Atakan Yılmaz', 5)
GO
INSERT [dbo].[TBLOGRETMEN] ([OGRTID], [OGRTADSOYAD], [OGRTBRANS]) VALUES (3, N'Selim Çınar', 1)
GO
INSERT [dbo].[TBLOGRETMEN] ([OGRTID], [OGRTADSOYAD], [OGRTBRANS]) VALUES (4, N'Berna Meşe', 6)
GO
SET IDENTITY_INSERT [dbo].[TBLOGRETMEN] OFF
GO
ALTER TABLE [dbo].[TBLDERSLER] ADD  CONSTRAINT [DF_TBLDERSLER_DERSMAXKONT]  DEFAULT ((0)) FOR [DERSMINKONT]
GO
ALTER TABLE [dbo].[TBLOGRENCI] ADD  CONSTRAINT [DF_TBLOGRENCI_OGRBAKIYE]  DEFAULT ((0)) FOR [OGRBAKIYE]
GO
ALTER TABLE [dbo].[TBLBASVURUFORM]  WITH CHECK ADD  CONSTRAINT [FK_TBLBASVURUFORM_TBLDERSLER] FOREIGN KEY([DERSID])
REFERENCES [dbo].[TBLDERSLER] ([DERSID])
GO
ALTER TABLE [dbo].[TBLBASVURUFORM] CHECK CONSTRAINT [FK_TBLBASVURUFORM_TBLDERSLER]
GO
ALTER TABLE [dbo].[TBLBASVURUFORM]  WITH CHECK ADD  CONSTRAINT [FK_TBLBASVURUFORM_TBLOGRENCI] FOREIGN KEY([OGRENCIID])
REFERENCES [dbo].[TBLOGRENCI] ([OGRID])
GO
ALTER TABLE [dbo].[TBLBASVURUFORM] CHECK CONSTRAINT [FK_TBLBASVURUFORM_TBLOGRENCI]
GO
ALTER TABLE [dbo].[TBLOGRETMEN]  WITH CHECK ADD  CONSTRAINT [FK_TBLOGRETMEN_TBLDERSLER] FOREIGN KEY([OGRTBRANS])
REFERENCES [dbo].[TBLDERSLER] ([DERSID])
GO
ALTER TABLE [dbo].[TBLOGRETMEN] CHECK CONSTRAINT [FK_TBLOGRETMEN_TBLDERSLER]
GO
